brand,feature,delta_pos_share,new_pos_share,new_score,new_rank,base_rank,base_score
tesla,solid_state_battery,-0.2,0.3,-0.981868997091164,9,9,-0.981868997091164
tesla,solid_state_battery,-0.1,0.4,-0.981868997091164,9,9,-0.981868997091164
tesla,solid_state_battery,-0.05,0.45,-0.981868997091164,9,9,-0.981868997091164
tesla,solid_state_battery,0.0,0.5,-0.981868997091164,9,9,-0.981868997091164
tesla,solid_state_battery,0.05,0.55,-0.981868997091164,9,9,-0.981868997091164
tesla,solid_state_battery,0.1,0.6,-0.981868997091164,9,9,-0.981868997091164
tesla,solid_state_battery,0.2,0.7,-0.981868997091164,9,9,-0.981868997091164
