brand,feature,delta_pos_share,new_pos_share,new_score,new_rank,base_rank,base_score
lucid,solar_roof,-0.2,0.3,-1.046331484187481,10,10,-1.046331484187481
lucid,solar_roof,-0.1,0.4,-1.046331484187481,10,10,-1.046331484187481
lucid,solar_roof,-0.05,0.45,-1.046331484187481,10,10,-1.046331484187481
lucid,solar_roof,0.0,0.5,-1.046331484187481,10,10,-1.046331484187481
lucid,solar_roof,0.05,0.55,-1.046331484187481,10,10,-1.046331484187481
lucid,solar_roof,0.1,0.6,-1.046331484187481,10,10,-1.046331484187481
lucid,solar_roof,0.2,0.7,-1.046331484187481,10,10,-1.046331484187481
