brand,feature,delta_pos_share,new_pos_share,new_score,new_rank,base_rank,base_score
porsche,fast_charging,-0.2,0.5142857142857142,-0.9451071916235061,8,8,-0.9451071916235061
porsche,fast_charging,-0.1,0.6142857142857143,-0.9451071916235061,8,8,-0.9451071916235061
porsche,fast_charging,-0.05,0.6642857142857143,-0.9451071916235061,8,8,-0.9451071916235061
porsche,fast_charging,0.0,0.7142857142857143,-0.9451071916235061,8,8,-0.9451071916235061
porsche,fast_charging,0.05,0.7642857142857143,-0.9451071916235061,7,8,-0.9451071916235061
porsche,fast_charging,0.1,0.8142857142857143,-0.9451071916235061,7,8,-0.9451071916235061
porsche,fast_charging,0.2,0.9142857142857144,-0.9451071916235061,6,8,-0.9451071916235061
