brand,feature,delta_pos_share,new_pos_share,new_score,new_rank,base_rank,base_score
ferrari,fast_charging,-0.2,0.8,-0.8911933130126501,6,6,-0.8911933130126501
ferrari,fast_charging,-0.1,0.9,-0.8911933130126501,6,6,-0.8911933130126501
ferrari,fast_charging,-0.05,0.95,-0.8911933130126501,6,6,-0.8911933130126501
ferrari,fast_charging,0.0,1.0,-0.8911933130126501,6,6,-0.8911933130126501
ferrari,fast_charging,0.05,1.0,-0.8911933130126501,6,6,-0.8911933130126501
ferrari,fast_charging,0.1,1.0,-0.8911933130126501,6,6,-0.8911933130126501
ferrari,fast_charging,0.2,1.0,-0.8911933130126501,6,6,-0.8911933130126501
