brand,feature,delta_pos_share,new_pos_share,new_score,new_rank,base_rank,base_score
tesla,solar_roof,-0.2,0.8,-0.5141593863510812,1,1,-0.5141593863510812
tesla,solar_roof,-0.1,0.9,-0.5141593863510812,1,1,-0.5141593863510812
tesla,solar_roof,-0.05,0.95,-0.5141593863510812,1,1,-0.5141593863510812
tesla,solar_roof,0.0,1.0,-0.5141593863510812,1,1,-0.5141593863510812
tesla,solar_roof,0.05,1.0,-0.5141593863510812,1,1,-0.5141593863510812
tesla,solar_roof,0.1,1.0,-0.5141593863510812,1,1,-0.5141593863510812
tesla,solar_roof,0.2,1.0,-0.5141593863510812,1,1,-0.5141593863510812
