brand,feature,delta_pos_share,new_pos_share,new_score,new_rank,base_rank,base_score
lucid,fast_charging,-0.2,0.7375,-0.7220676487973127,3,2,-0.7220676487973127
lucid,fast_charging,-0.1,0.8375,-0.7220676487973127,3,2,-0.7220676487973127
lucid,fast_charging,-0.05,0.8875,-0.7220676487973127,3,2,-0.7220676487973127
lucid,fast_charging,0.0,0.9375,-0.7220676487973127,2,2,-0.7220676487973127
lucid,fast_charging,0.05,0.9875,-0.7220676487973127,2,2,-0.7220676487973127
lucid,fast_charging,0.1,1.0,-0.7220676487973127,2,2,-0.7220676487973127
lucid,fast_charging,0.2,1.0,-0.7220676487973127,2,2,-0.7220676487973127
