brand,feature,delta_pos_share,new_pos_share,new_score,new_rank,base_rank,base_score
tesla,fast_charging,-0.2,0.5037037037037038,-1.1811256007235784,11,11,-1.1811256007235784
tesla,fast_charging,-0.1,0.6037037037037037,-1.1811256007235784,11,11,-1.1811256007235784
tesla,fast_charging,-0.05,0.6537037037037037,-1.1811256007235784,11,11,-1.1811256007235784
tesla,fast_charging,0.0,0.7037037037037037,-1.1811256007235784,11,11,-1.1811256007235784
tesla,fast_charging,0.05,0.7537037037037038,-1.1811256007235784,11,11,-1.1811256007235784
tesla,fast_charging,0.1,0.8037037037037037,-1.1811256007235784,11,11,-1.1811256007235784
tesla,fast_charging,0.2,0.9037037037037037,-1.1811256007235784,11,11,-1.1811256007235784
