brand,feature,delta_pos_share,new_pos_share,new_score,new_rank,base_rank,base_score
bentley,fast_charging,-0.2,0.8,-0.9384479300823185,8,7,-0.9384479300823185
bentley,fast_charging,-0.1,0.9,-0.9384479300823185,8,7,-0.9384479300823185
bentley,fast_charging,-0.05,0.95,-0.9384479300823185,8,7,-0.9384479300823185
bentley,fast_charging,0.0,1.0,-0.9384479300823185,7,7,-0.9384479300823185
bentley,fast_charging,0.05,1.0,-0.9384479300823185,7,7,-0.9384479300823185
bentley,fast_charging,0.1,1.0,-0.9384479300823185,7,7,-0.9384479300823185
bentley,fast_charging,0.2,1.0,-0.9384479300823185,7,7,-0.9384479300823185
