brand,feature,delta_pos_share,new_pos_share,new_score,new_rank,base_rank,base_score
bentley,recycled_materials,-0.2,0.8,-0.8866217082951939,7,5,-0.8866217082951939
bentley,recycled_materials,-0.1,0.9,-0.8866217082951939,5,5,-0.8866217082951939
bentley,recycled_materials,-0.05,0.95,-0.8866217082951939,5,5,-0.8866217082951939
bentley,recycled_materials,0.0,1.0,-0.8866217082951939,5,5,-0.8866217082951939
bentley,recycled_materials,0.05,1.0,-0.8866217082951939,5,5,-0.8866217082951939
bentley,recycled_materials,0.1,1.0,-0.8866217082951939,5,5,-0.8866217082951939
bentley,recycled_materials,0.2,1.0,-0.8866217082951939,5,5,-0.8866217082951939
