score_decile,n,mean_score,mean_pos_share,mentions_sum
0,3,0.655605561437329,0.9791666666666666,21.0
1,2,0.8730378277372479,1.0,14.0
2,2,0.9148206215474843,1.0,11.0
3,2,0.9634880943573351,0.6071428571428572,9.0
4,2,1.1137285424555297,0.6018518518518519,29.0
